{
  "accuracy": 0.983,
  "precision": 0.8957345971563981,
  "recall": 0.9818181818181818,
  "f1": 0.9368029739776952,
  "false_positive_rate": 0.016826003824091777,
  "model_version": "v1.0.0"
}