{
  "events": {
    "EVT_999": {
      "count": 1,
      "median_markup": 1.0,
      "median_resale_markup": 1.0,
      "avg_daily_demand": 1.0,
      "last_window": [
        1.0
      ]
    },
    "EVT_2": {
      "count": 3,
      "median_markup": 1.0,
      "median_resale_markup": 1.0,
      "avg_daily_demand": 3.0,
      "last_window": [
        1.0,
        1.0,
        1.0
      ]
    },
    "EVT_048": {
      "count": 233,
      "median_markup": 1.0,
      "median_resale_markup": 2.2059604519774014,
      "avg_daily_demand": 23.156,
      "last_window": [
        2.21954802259887,
        1.0,
        1.0,
        1.3961016949152543,
        1.0,
        1.0,
        1.0,
        1.0
      ]
    },
    "EVT_039": {
      "count": 234,
      "median_markup": 1.0,
      "median_resale_markup": 2.440331491712707,
      "avg_daily_demand": 22.0,
      "last_window": [
        1.0,
        1.0,
        1.0,
        1.0,
        1.0,
        1.0,
        1.0,
        1.0
      ]
    },
    "EVT_013": {
      "count": 231,
      "median_markup": 1.0,
      "median_resale_markup": 2.95609375,
      "avg_daily_demand": 20.938,
      "last_window": [
        3.25015625,
        1.0,
        1.0,
        1.0,
        1.0,
        1.0,
        1.0,
        1.0
      ]
    },
    "EVT_001": {
      "count": 221,
      "median_markup": 1.0,
      "median_resale_markup": 2.479252336448598,
      "avg_daily_demand": 21.281,
      "last_window": [
        1.0,
        1.0,
        1.0,
        1.0,
        1.0,
        1.0,
        1.0,
        1.0
      ]
    },
    "EVT_025": {
      "count": 235,
      "median_markup": 1.0,
      "median_resale_markup": 2.424495708154506,
      "avg_daily_demand": 22.875,
      "last_window": [
        1.0,
        1.0,
        1.0,
        1.0,
        1.0,
        1.0,
        1.0,
        1.0
      ]
    },
    "EVT_041": {
      "count": 239,
      "median_markup": 1.0,
      "median_resale_markup": 1.7694516129032256,
      "avg_daily_demand": 24.5,
      "last_window": [
        1.0,
        1.0,
        1.0,
        1.0,
        1.0,
        1.0,
        1.0,
        1.0
      ]
    },
    "EVT_042": {
      "count": 237,
      "median_markup": 1.0,
      "median_resale_markup": 2.4440140845070424,
      "avg_daily_demand": 23.031,
      "last_window": [
        1.0,
        1.0,
        1.0,
        1.0,
        1.0,
        1.0,
        1.0,
        1.0
      ]
    },
    "EVT_030": {
      "count": 248,
      "median_markup": 1.0,
      "median_resale_markup": 2.463175182481752,
      "avg_daily_demand": 24.312,
      "last_window": [
        1.0,
        1.0,
        1.0,
        1.0,
        1.0,
        1.9663260340632602,
        1.0,
        1.0
      ]
    },
    "EVT_020": {
      "count": 257,
      "median_markup": 1.0,
      "median_resale_markup": 2.09487012987013,
      "avg_daily_demand": 27.094,
      "last_window": [
        1.0,
        2.6746753246753245,
        1.0,
        1.0,
        1.0,
        1.0,
        1.0,
        1.0
      ]
    },
    "EVT_047": {
      "count": 267,
      "median_markup": 1.0,
      "median_resale_markup": 2.1176963350785343,
      "avg_daily_demand": 28.355,
      "last_window": [
        2.9059424083769634,
        2.6609162303664924,
        1.0,
        1.0,
        1.0,
        1.1426178010471204,
        1.0,
        1.0
      ]
    },
    "EVT_011": {
      "count": 263,
      "median_markup": 1.0,
      "median_resale_markup": 2.370643382352941,
      "avg_daily_demand": 28.188,
      "last_window": [
        1.8960661764705884,
        1.0,
        1.0,
        1.0,
        1.0,
        1.0,
        2.4097794117647062,
        1.0
      ]
    },
    "EVT_032": {
      "count": 223,
      "median_markup": 1.0,
      "median_resale_markup": 2.8773622047244096,
      "avg_daily_demand": 22.469,
      "last_window": [
        1.0,
        1.0,
        1.0,
        1.0,
        1.0,
        2.925826771653543,
        1.0,
        1.0
      ]
    },
    "EVT_034": {
      "count": 243,
      "median_markup": 1.0,
      "median_resale_markup": 2.443694779116466,
      "avg_daily_demand": 24.344,
      "last_window": [
        1.0,
        1.0,
        1.0,
        1.0,
        1.0,
        1.0,
        1.0,
        1.0
      ]
    },
    "EVT_016": {
      "count": 220,
      "median_markup": 1.0,
      "median_resale_markup": 2.2756741573033707,
      "avg_daily_demand": 18.781,
      "last_window": [
        1.0,
        1.0,
        1.0,
        1.0,
        1.0,
        1.0,
        1.0,
        1.0
      ]
    },
    "EVT_015": {
      "count": 249,
      "median_markup": 1.0,
      "median_resale_markup": 2.351104417670683,
      "avg_daily_demand": 25.125,
      "last_window": [
        1.0,
        1.0,
        1.0,
        1.0,
        1.0,
        1.0,
        1.0,
        1.0
      ]
    },
    "EVT_008": {
      "count": 234,
      "median_markup": 1.0,
      "median_resale_markup": 2.611888185654008,
      "avg_daily_demand": 24.094,
      "last_window": [
        1.0,
        1.0,
        1.0,
        1.0,
        1.0,
        1.0,
        1.0,
        1.0
      ]
    },
    "EVT_005": {
      "count": 248,
      "median_markup": 1.0,
      "median_resale_markup": 1.904074074074074,
      "avg_daily_demand": 23.344,
      "last_window": [
        1.0,
        1.0,
        1.0,
        1.0,
        1.0,
        1.0,
        1.0,
        1.0
      ]
    },
    "EVT_031": {
      "count": 254,
      "median_markup": 1.0,
      "median_resale_markup": 2.8709826589595377,
      "avg_daily_demand": 24.875,
      "last_window": [
        1.0,
        1.0,
        2.0045664739884392,
        1.0,
        1.0,
        1.0,
        1.0,
        1.0
      ]
    },
    "EVT_046": {
      "count": 227,
      "median_markup": 1.0,
      "median_resale_markup": 2.32320987654321,
      "avg_daily_demand": 21.375,
      "last_window": [
        1.0,
        1.0,
        1.0,
        1.0,
        1.0,
        1.0,
        1.0,
        1.0
      ]
    },
    "EVT_036": {
      "count": 253,
      "median_markup": 1.0,
      "median_resale_markup": 2.292217391304348,
      "avg_daily_demand": 23.969,
      "last_window": [
        1.0,
        2.549086956521739,
        1.0,
        1.0,
        1.0,
        1.0,
        1.0,
        1.0
      ]
    },
    "EVT_027": {
      "count": 224,
      "median_markup": 1.0,
      "median_resale_markup": 2.0159183673469387,
      "avg_daily_demand": 23.562,
      "last_window": [
        1.0,
        1.0,
        1.0,
        1.0,
        1.0,
        1.0,
        1.0,
        1.0
      ]
    },
    "EVT_018": {
      "count": 267,
      "median_markup": 1.0,
      "median_resale_markup": 2.6026301369863014,
      "avg_daily_demand": 27.258,
      "last_window": [
        1.0,
        1.0,
        1.0,
        2.627397260273973,
        1.0,
        1.0,
        1.0,
        1.0
      ]
    },
    "EVT_009": {
      "count": 241,
      "median_markup": 1.0,
      "median_resale_markup": 2.123333333333333,
      "avg_daily_demand": 22.875,
      "last_window": [
        1.0,
        1.0,
        1.0,
        1.0,
        1.0,
        1.0,
        1.0,
        1.0
      ]
    },
    "EVT_029": {
      "count": 238,
      "median_markup": 1.0,
      "median_resale_markup": 2.360021929824561,
      "avg_daily_demand": 25.344,
      "last_window": [
        1.0,
        1.213640350877193,
        3.1090789473684213,
        1.0,
        1.0,
        1.0,
        1.0,
        1.0
      ]
    },
    "EVT_006": {
      "count": 234,
      "median_markup": 1.0,
      "median_resale_markup": 2.3623076923076924,
      "avg_daily_demand": 19.438,
      "last_window": [
        1.0,
        1.0,
        1.0,
        1.0,
        1.0,
        1.0,
        1.0,
        1.0
      ]
    },
    "EVT_028": {
      "count": 256,
      "median_markup": 1.0,
      "median_resale_markup": 2.327720930232558,
      "avg_daily_demand": 25.656,